Cat√©gorie;Nom;Unit√©;Valeur Maxi;Facteur d'√©mission;ParPersonne;ParKmDistance;Par jour;EchelleLog;Entier;valeurMaxiEffectif;valeurMaxiDur√©e;Conseils;NomCourt;Picto;TitreRessource;LienRessource;NomPluriel;CategorieOptionnelle
CategorieInformations g√©n√©ralesDur√©e;NomInformations g√©n√©ralesDur√©e;Unit√©Informations g√©n√©ralesDur√©e;50;0;1;;;;1;;;ConseilInformations g√©n√©ralesDur√©e;;;TitreRessourceInformations g√©n√©ralesDur√©e;LienRessourceInformations g√©n√©ralesDur√©e;NomPlurielInformations g√©n√©ralesDur√©e;
CategorieInformations g√©n√©ralesEffectif;NomInformations g√©n√©ralesEffectif;Unit√©Informations g√©n√©ralesEffectif;100;0;1;;;;1;;;ConseilInformations g√©n√©ralesEffectif;;;TitreRessourceInformations g√©n√©ralesEffectif;LienRessourceInformations g√©n√©ralesEffectif;NomPlurielInformations g√©n√©ralesEffectif;
CategorieRepasrepas avec b≈ìuf, veau ou agneau;NomRepasrepas avec b≈ìuf, veau ou agneau;Unit√©Repasrepas avec b≈ìuf, veau ou agneau;50;6.29;1;;;;1;;2;ConseilRepasrepas avec b≈ìuf, veau ou agneau;Red meat;ü•©;TitreRessourceRepasrepas avec b≈ìuf, veau ou agneau;LienRessourceRepasrepas avec b≈ìuf, veau ou agneau;NomPlurielRepasrepas avec b≈ìuf, veau ou agneau;
CategorieRepasrepas avec porc, volaille, poisson;NomRepasrepas avec porc, volaille, poisson;Unit√©Repasrepas avec porc, volaille, poisson;50;1.35;1;;;;1;;2;ConseilRepasrepas avec porc, volaille, poisson;White meat;üçó;TitreRessourceRepasrepas avec porc, volaille, poisson;LienRessourceRepasrepas avec porc, volaille, poisson;NomPlurielRepasrepas avec porc, volaille, poisson;
CategorieRepasrepas v√©g√©tarien;NomRepasrepas v√©g√©tarien;Unit√©Repasrepas v√©g√©tarien;50;0.51;1;;;;1;;2;ConseilRepasrepas v√©g√©tarien;Meals;üåΩ;TitreRessourceRepasrepas v√©g√©tarien;LienRessourceRepasrepas v√©g√©tarien;NomPlurielRepasrepas v√©g√©tarien;
CategorieRepasrepas cuisin√© au gaz;NomRepasrepas cuisin√© au gaz;Unit√©Repasrepas cuisin√© au gaz;50;0.08;1;;;;1;;2;ConseilRepasrepas cuisin√© au gaz;Gas;üî•;TitreRessourceRepasrepas cuisin√© au gaz;LienRessourceRepasrepas cuisin√© au gaz;NomPlurielRepasrepas cuisin√© au gaz;
CategorieAller-retour vers le campkm jusqu'au camp;NomAller-retour vers le campkm jusqu'au camp;Unit√©Aller-retour vers le campkm jusqu'au camp;9999;0;;;;1;;;;ConseilAller-retour vers le campkm jusqu'au camp;;;TitreRessourceAller-retour vers le campkm jusqu'au camp;LienRessourceAller-retour vers le campkm jusqu'au camp;NomPlurielAller-retour vers le campkm jusqu'au camp;
CategorieAller-retour vers le campAR en train ou bateau;NomAller-retour vers le campAR en train ou bateau;Unit√©Aller-retour vers le campAR en train ou bateau;50;0.002;;2;;;1;1;;ConseilAller-retour vers le campAR en train ou bateau;Train;üöÜ;TitreRessourceAller-retour vers le campAR en train ou bateau;LienRessourceAller-retour vers le campAR en train ou bateau;NomPlurielAller-retour vers le campAR en train ou bateau;
CategorieAller-retour vers le campCar;NomAller-retour vers le campCar;Unit√©Aller-retour vers le campCar;3;1.191666667;;2;;;1;;;ConseilAller-retour vers le campCar;Bus;üöå;TitreRessourceAller-retour vers le campCar;LienRessourceAller-retour vers le campCar;NomPlurielAller-retour vers le campCar;
CategorieAller-retour vers le campVoiture;NomAller-retour vers le campVoiture;Unit√©Aller-retour vers le campVoiture;50;0.2;;2;;;1;2;;ConseilAller-retour vers le campVoiture;Car;üöó;TitreRessourceAller-retour vers le campVoiture;LienRessourceAller-retour vers le campVoiture;NomPlurielAller-retour vers le campVoiture;
CategorieAller-retour vers le campVoiture √©lectrique;NomAller-retour vers le campVoiture √©lectrique;Unit√©Aller-retour vers le campVoiture √©lectrique;50;0.1;;2;;;1;2;;ConseilAller-retour vers le campVoiture √©lectrique;Electric car;üöô;TitreRessourceAller-retour vers le campVoiture √©lectrique;LienRessourceAller-retour vers le campVoiture √©lectrique;NomPlurielAller-retour vers le campVoiture √©lectrique;
CategorieAller-retour vers le campAR en avion;NomAller-retour vers le campAR en avion;Unit√©Aller-retour vers le campAR en avion;50;0.2;;2;;;1;1;;ConseilAller-retour vers le campAR en avion;Airplane;‚úàÔ∏è;TitreRessourceAller-retour vers le campAR en avion;LienRessourceAller-retour vers le campAR en avion;NomPlurielAller-retour vers le campAR en avion;
CategorieAller-retour vers le campCamion;NomAller-retour vers le campCamion;Unit√©Aller-retour vers le campCamion;3;0.3;;2;;;1;;;ConseilAller-retour vers le campCamion;Van;üöö;TitreRessourceAller-retour vers le campCamion;LienRessourceAller-retour vers le campCamion;NomPlurielAller-retour vers le campCamion;
CategorieAller-retour vers le campMat√©riel exp√©di√©;NomAller-retour vers le campMat√©riel exp√©di√©;Unit√©Aller-retour vers le campMat√©riel exp√©di√©;500;0.000535333;;2;;;;;;ConseilAller-retour vers le campMat√©riel exp√©di√©;Shipping;üì¶;TitreRessourceAller-retour vers le campMat√©riel exp√©di√©;LienRessourceAller-retour vers le campMat√©riel exp√©di√©;NomPlurielAller-retour vers le campMat√©riel exp√©di√©;
CategorieD√©placements sur placekm en car;NomD√©placements sur placekm en car;Unit√©D√©placements sur placekm en car;1000;1.191666667;;;;1;;;;ConseilD√©placements sur placekm en car;Bus;üöç;TitreRessourceD√©placements sur placekm en car;LienRessourceD√©placements sur placekm en car;NomPlurielD√©placements sur placekm en car;
CategorieD√©placements sur placekm en voiture;NomD√©placements sur placekm en voiture;Unit√©D√©placements sur placekm en voiture;2000;0.2;;;;1;;;;ConseilD√©placements sur placekm en voiture;Car;üöò;TitreRessourceD√©placements sur placekm en voiture;LienRessourceD√©placements sur placekm en voiture;NomPlurielD√©placements sur placekm en voiture;
CategorieD√©placements sur placekm en voiture √©lectrique;NomD√©placements sur placekm en voiture √©lectrique;Unit√©D√©placements sur placekm en voiture √©lectrique;2000;0.1;;;;1;;;;ConseilD√©placements sur placekm en voiture √©lectrique;Electric car;üöô;TitreRessourceD√©placements sur placekm en voiture √©lectrique;LienRessourceD√©placements sur placekm en voiture √©lectrique;NomPlurielD√©placements sur placekm en voiture √©lectrique;
CategorieMat√©riel & h√©bergementAchats de mat√©riel;NomMat√©riel & h√©bergementAchats de mat√©riel;Unit√©Mat√©riel & h√©bergementAchats de mat√©riel;9999;0.366666667;;;;1;;;;ConseilMat√©riel & h√©bergementAchats de mat√©riel;Gear;üõ†;TitreRessourceMat√©riel & h√©bergementAchats de mat√©riel;LienRessourceMat√©riel & h√©bergementAchats de mat√©riel;NomPlurielMat√©riel & h√©bergementAchats de mat√©riel;
CategorieMat√©riel & h√©bergementtente utilis√©e;NomMat√©riel & h√©bergementtente utilis√©e;Unit√©Mat√©riel & h√©bergementtente utilis√©e;10;8.1;;;;;1;;;ConseilMat√©riel & h√©bergementtente utilis√©e;Tents;‚õ∫Ô∏è;TitreRessourceMat√©riel & h√©bergementtente utilis√©e;LienRessourceMat√©riel & h√©bergementtente utilis√©e;NomPlurielMat√©riel & h√©bergementtente utilis√©e;
CategorieMat√©riel & h√©bergementmarabout utilis√©;NomMat√©riel & h√©bergementmarabout utilis√©;Unit√©Mat√©riel & h√©bergementmarabout utilis√©;5;30.5;;;;;1;;;ConseilMat√©riel & h√©bergementmarabout utilis√©;Heavy tents;üé™;TitreRessourceMat√©riel & h√©bergementmarabout utilis√©;LienRessourceMat√©riel & h√©bergementmarabout utilis√©;NomPlurielMat√©riel & h√©bergementmarabout utilis√©;
CategorieMat√©riel & h√©bergementpersonne log√©e en dur;NomMat√©riel & h√©bergementpersonne log√©e en dur;Unit√©Mat√©riel & h√©bergementpersonne log√©e en dur;50;1.09;;;1;;1;1;;ConseilMat√©riel & h√©bergementpersonne log√©e en dur;Buildings;üè†;TitreRessourceMat√©riel & h√©bergementpersonne log√©e en dur;LienRessourceMat√©riel & h√©bergementpersonne log√©e en dur;NomPlurielMat√©riel & h√©bergementpersonne log√©e en dur;
CategorieCamp marinOptimist;NomCamp marinOptimist;Unit√©Camp marinOptimist;10;8;;;;;1;;;ConseilCamp marinOptimist;Optimist;‚õµÔ∏è;TitreRessourceCamp marinOptimist;LienRessourceCamp marinOptimist;NomPlurielCamp marinOptimist;1
CategorieCamp marinCaravelle (d√©riveur l√©ger);NomCamp marinCaravelle (d√©riveur l√©ger);Unit√©Camp marinCaravelle (d√©riveur l√©ger);10;60;;;;;1;;;ConseilCamp marinCaravelle (d√©riveur l√©ger);Light dinghies;‚õµÔ∏è;TitreRessourceCamp marinCaravelle (d√©riveur l√©ger);LienRessourceCamp marinCaravelle (d√©riveur l√©ger);NomPlurielCamp marinCaravelle (d√©riveur l√©ger);1
CategorieCamp marind√©riveur;NomCamp marind√©riveur;Unit√©Camp marind√©riveur;10;120;;;;;1;;;ConseilCamp marind√©riveur;Dinghy;‚õµÔ∏è;TitreRessourceCamp marind√©riveur;LienRessourceCamp marind√©riveur;NomPlurielCamp marind√©riveur;1
CategorieCamp marincanot ou Kelt;NomCamp marincanot ou Kelt;Unit√©Camp marincanot ou Kelt;10;200;;;;;1;;;ConseilCamp marincanot ou Kelt;Luggers;‚õµÔ∏è;TitreRessourceCamp marincanot ou Kelt;LienRessourceCamp marincanot ou Kelt;NomPlurielCamp marincanot ou Kelt;1
CategorieCamp marinZodiac;NomCamp marinZodiac;Unit√©Camp marinZodiac;10;60;;;;;1;;;ConseilCamp marinZodiac;Zodiacs;üö§;TitreRessourceCamp marinZodiac;LienRessourceCamp marinZodiac;NomPlurielCamp marinZodiac;1
CategorieCamp marinùìÅ d'essence pour les bateaux;NomCamp marinùìÅ d'essence pour les bateaux;Unit√©Camp marinùìÅ d'essence pour les bateaux;150;3.6;;;;;1;;;ConseilCamp marinùìÅ d'essence pour les bateaux;fuel';‚õΩÔ∏è;TitreRessourceCamp marinùìÅ d'essence pour les bateaux;LienRessourceCamp marinùìÅ d'essence pour les bateaux;NomPlurielCamp marinùìÅ d'essence pour les bateaux;1
CategorieCr√©dits;NomCr√©dits;Unit√©Cr√©dits;0;0;;;;;;;;ConseilCr√©dits;;;TitreRessourceCr√©dits;LienRessourceCr√©dits;NomPlurielCr√©dits;
